id;filename;original_filename;extension;size_in_bytes;sha_256;content_type;upload_date
1;Southeast;North Southeast;buffer Burundi;15018;bluetooth strange;parallelism Account;2023-08-16T11:53:32
2;Mazda;United redundant connect;holistic Hybrid Personal;25836;Tuna sexy;Architect;2023-08-16T02:39:28
3;methodologies if hard;empower Diesel;Cyclocross;25292;Gold;Diesel pink;2023-08-16T17:27:34
4;Northeast;Passenger Lead Caesium;Southwest parse;13094;pacemaker Intelligent Concrete;oof Card;2023-08-16T20:31:39
5;turquoise Intranet;Soft since motivating;Research;21605;West Niobium enable;Nigeria Checking explicabo;2023-08-17T01:49:38
6;orange;gadzooks;fondue;7808;Frozen up cloak;overriding Handcrafted Diesel;2023-08-16T10:19:45
7;Northwest plum;Paradigm East Technician;Bacon;28289;Jeep trusting;payment Mouse Coordinator;2023-08-17T00:28:43
8;female failing;Steel;Small Practical;12834;Principal Regional parse;Ford;2023-08-16T11:13:20
9;payment;naturalize;Facilitator;12032;synthesizing purple;Lead Steel Program;2023-08-16T05:51:26
10;Sausages to;harness;Cambridgeshire;21046;Communications whoa;frankly;2023-08-16T17:25:58
